45.7312497808, 4.82393218242;"{""type"": ""Point"", ""coordinates"": [4.823932182416952, 45.73124978076499]}";7013;Halle Tony Garnier;Avenue Tony Garnier;;Lyon 7 ème;13;Non;Halle Tony Garnier;45.7312497807651000;4.8239321824169500;20;OPEN;4;15;1;Vert;t;1094;2015-07-01 16:07:04;2015-07-01 16:11:00
45.7671263864, 4.89215042623;"{""type"": ""Point"", ""coordinates"": [4.892150426234922, 45.767126386426845]}";10058;métro Flachet;cours Emile Zola;;VILLEURBANNE;58;Non;métro A;45.7671263864269000;4.8921504262349200;24;OPEN;10;14;1;Vert;t;903;2015-07-01 16:01:52;2015-07-01 16:11:00
45.7702267691, 4.86313272236;"{""type"": ""Point"", ""coordinates"": [4.863132722360223, 45.770226769149275]}";10006;Charpennes;Place Charles Hernu;;VILLEURBANNE;6;Non;métro A B, tram, centre quartier, itinéraire cyclable;45.7702267691494000;4.8631327223602200;35;OPEN;15;17;1;Vert;t;927;2015-07-01 16:09:36;2015-07-01 16:11:00
45.7785542406, 4.80704036654;"{""type"": ""Point"", ""coordinates"": [4.807040366536835, 45.778554240645576]}";9022;Masaryk / Saint Cyr;rue Masaryk;angle rue Chinard/rue de Saint Cyr;Lyon 9 ème;22;Non;maillage;45.7785542406456000;4.8070403665368400;13;OPEN;6;7;1;Vert;t;1034;2015-07-01 16:05:33;2015-07-01 16:11:00
45.7534549142, 4.83335384396;"{""type"": ""Point"", ""coordinates"": [4.833353843957238, 45.75345491421137]}";2012;Gailleton;4 place Gailleton;;Lyon 2 ème;12;Non;;45.7534549142114000;4.8333538439572400;16;OPEN;7;9;1;Vert;t;771;2015-07-01 16:08:44;2015-07-01 16:11:00
45.7599398326, 4.83207161139;"{""type"": ""Point"", ""coordinates"": [4.832071611386376, 45.75993983258965]}";2013;Célestins;Place des Célestins;Côté nord de la place, vers l'ascenseur;Lyon 2 ème;13;Non;théâtre;45.7599398325897000;4.8320716113863800;22;OPEN;7;15;1;Vert;t;916;2015-07-01 16:09:27;2015-07-01 16:11:00
45.7617986195, 4.80306139723;"{""type"": ""Point"", ""coordinates"": [4.803061397228262, 45.76179861948478]}";5055;Apollinaire/Buyer;111 av. Barthélémy Buyer;;Lyon 5 ème;55;Oui;Centre commercial;45.7617986194848000;4.8030613972282600;22;OPEN;21;1;1;Vert;t;891;2015-07-01 16:02:44;2015-07-01 16:11:00
45.7435720691, 4.87010596914;"{""type"": ""Point"", ""coordinates"": [4.870105969141731, 45.74357206905023]}";8053;Lumière/Trouilhet;6 rue Antoine Lumière;;Lyon 8 ème;53;Non;Poste, commerces;45.7435720690503000;4.8701059691417300;16;OPEN;13;3;1;Vert;t;796;2015-07-01 16:09:23;2015-07-01 16:11:00
45.7627413113, 4.85230976496;"{""type"": ""Point"", ""coordinates"": [4.852309764957914, 45.76274131133979]}";3087;Part-Dieu / Deruelle / Garibaldi;4 Bd Eugène Deruelle;;Lyon 3 ème;87;Non;Centre Commercial, bureaux, renforcement 2-003;45.7627413113399000;4.8523097649579100;20;OPEN;6;14;1;Vert;t;1018;2015-07-01 16:09:53;2015-07-01 16:11:00
45.7797436571, 4.80456661725;"{""type"": ""Point"", ""coordinates"": [4.804566617251224, 45.77974365708449]}";9004;Gare de Vaise;rue du 24 Mars 1852;face entrée gare;Lyon 9 ème;4;Non;Gare, métro D;45.7797436570845000;4.8045666172512300;22;OPEN;13;9;1;Vert;t;1014;2015-07-01 16:06:47;2015-07-01 16:11:00
45.758362396, 4.82108664155;"{""type"": ""Point"", ""coordinates"": [4.821086641548251, 45.7583623960292]}";5050;Théâtres Romains;6 ue de l'Antiquaille;;Lyon 5 ème;50;Oui;Théâtre antique, lycée;45.7583623960293000;4.8210866415482500;12;OPEN;8;4;1;Vert;t;790;2015-07-01 16:03:56;2015-07-01 16:11:00
45.7387410923, 4.85228601094;"{""type"": ""Point"", ""coordinates"": [4.852286010941522, 45.73874109234188]}";8039;Pierre Delore;Rue Pierre Delore;;Lyon 8 ème;39;Non;Habitat;45.7387410923420000;4.8522860109415200;20;OPEN;18;2;1;Vert;t;898;2015-07-01 16:08:46;2015-07-01 16:11:00
45.7599305259, 4.84451590397;"{""type"": ""Point"", ""coordinates"": [4.844515903967149, 45.759930525883526]}";3031;Servient / Corneille;Rue Corneille;Angle Corneille / Servient;Lyon 3 ème;31;Non;tram;45.7599305258836000;4.8445159039671500;13;OPEN;4;9;1;Vert;t;857;2015-07-01 16:01:19;2015-07-01 16:11:00
45.7692120736, 4.88058491113;"{""type"": ""Point"", ""coordinates"": [4.88058491112699, 45.76921207358214]}";10011;Gratte-Ciel / Branly;rue Branly;;VILLEURBANNE;11;Non;métro A, itinéraire cyclable;45.7692120735822000;4.8805849111269900;16;OPEN;14;1;1;Vert;t;875;2015-07-01 16:07:48;2015-07-01 16:11:00
45.7783575402, 4.87960912513;"{""type"": ""Point"", ""coordinates"": [4.879609125127171, 45.778357540216334]}";10008;Salengro / Vaillant;rue Roger salengro;;VILLEURBANNE;8;Non;centre quartier, itinéraire cyclable;45.7783575402164000;4.8796091251271700;24;OPEN;24;0;3;Orange;t;1000;2015-07-01 16:07:54;2015-07-01 16:11:00
45.7365749446, 4.86991609151;"{""type"": ""Point"", ""coordinates"": [4.869916091510086, 45.73657494456226]}";8009;Place 11 novembre 1918;place du 11 novembre 1918;;Lyon 8 ème;9;Non;tram;45.7365749445623000;4.8699160915100900;20;OPEN;10;10;1;Vert;t;1093;2015-07-01 16:06:56;2015-07-01 16:11:00
45.7738337454, 4.8095044744;"{""type"": ""Point"", ""coordinates"": [4.809504474400391, 45.77383374535062]}";9032;Place Port Mouton;Place Port Mouton;Quai Arloing;Lyon 9 ème;32;Non;;45.7738337453507000;4.8095044744003900;18;OPEN;11;7;1;Vert;t;987;2015-07-01 16:05:02;2015-07-01 16:11:00
45.7697822122, 4.81267621959;"{""type"": ""Point"", ""coordinates"": [4.812676219585402, 45.76978221215734]}";9011;Conservatoire;Quai Chauveau;avant angle pont Koenig;Lyon 9 ème;11;Non;Conservatoire national de musique;45.7697822121574000;4.8126762195854000;19;OPEN;11;7;1;Vert;t;839;2015-07-01 16:07:39;2015-07-01 16:11:00
45.7537858652, 4.8480424261;"{""type"": ""Point"", ""coordinates"": [4.848042426103681, 45.75378586524346]}";3005;Place Victor Basch;Place Victor Basch;;Lyon 3 ème;5;Non;métro B D;45.7537858652436000;4.8480424261036800;20;OPEN;14;6;1;Vert;t;1049;2015-07-01 16:02:04;2015-07-01 16:11:00
45.7630769296, 4.83428668835;"{""type"": ""Point"", ""coordinates"": [4.834286688347045, 45.76307692956692]}";2016;Place Regaud;Place Regaud;Angle rue Tupin / rue Herriot;Lyon 2 ème;16;Non;maillage, Virgin;45.7630769295670000;4.8342866883470400;12;OPEN;3;9;1;Vert;t;832;2015-07-01 16:07:49;2015-07-01 16:11:00
45.7722848585, 4.81948885202;"{""type"": ""Point"", ""coordinates"": [4.819488852022704, 45.77228485852253]}";1023;Croix Rousse / Duplat;Boulevard de la Croix Rousse;;Lyon 1 er;23;Oui;IUFM, gymnase Jean Genety;45.7722848585226000;4.8194888520227000;20;OPEN;14;6;1;Vert;t;802;2015-07-01 16:06:08;2015-07-01 16:11:00
45.7432217977, 4.83425102401;"{""type"": ""Point"", ""coordinates"": [4.83425102400814, 45.74322179772386]}";7030;QGF;31 boulevard Yves Farge;;Lyon 7 ème;30;Non;Parc d'activités, logement, projet cyclable;45.7432217977239000;4.8342510240081400;30;OPEN;21;9;1;Vert;t;990;2015-07-01 16:09:14;2015-07-01 16:11:00
45.7414231127, 4.88537719793;"{""type"": ""Point"", ""coordinates"": [4.885377197932871, 45.74142311271286]}";3024;Rockfeller / Esquirol;Avenue Rockefeller;Intersection Rockfeller/Esquirol;Lyon 3 ème;24;Non;tram, école d'infirmière, itinéraire cyclable;45.7414231127130000;4.8853771979328700;19;OPEN;11;8;1;Vert;t;808;2015-07-01 16:07:02;2015-07-01 16:11:00
45.7571230717, 4.85347191211;"{""type"": ""Point"", ""coordinates"": [4.853471912113021, 45.757123071687175]}";3037;Place des Martyrs de la Résistance;Rue Paul Bert;Face place des Martyrs de la Résistance;Lyon 3 ème;37;Non;maillage (piscine Garibaldi);45.7571230716872000;4.8534719121130200;20;OPEN;15;4;1;Vert;t;859;2015-07-01 16:09:38;2015-07-01 16:11:00
45.7439256046, 4.8415220893;"{""type"": ""Point"", ""coordinates"": [4.841522089300285, 45.74392560462173]}";7022;Jaurès/Lagrange;105 av. jean Jaurès;;Lyon 7 ème;22;Non;Piste cyclable, commerces;45.7439256046218000;4.8415220893002800;30;OPEN;3;25;1;Vert;t;1015;2015-07-01 16:09:38;2015-07-01 16:11:00
45.758262043, 4.83043945355;"{""type"": ""Point"", ""coordinates"": [4.830439453554079, 45.7582620430001]}";2002;Bellecour;Place Bellecour;côté rue Lintier;Lyon 2 ème;2;Non;métro A D, site, commerces;45.7582620430002000;4.8304394535540800;20;OPEN;7;13;1;Vert;t;800;2015-07-01 16:03:54;2015-07-01 16:11:00
45.7791121886, 4.8719521951;"{""type"": ""Point"", ""coordinates"": [4.871952195102793, 45.779112188592386]}";10056;11 novembre / Gaston Berger;Avenue du 11 novembre 1918;Angle Avenue Gaston Berger;VILLEURBANNE;56;Non;resto U, associations, logements étudiants, iti. Cyclable;45.7791121885925000;4.8719521951028000;35;OPEN;19;16;1;Vert;t;902;2015-07-01 16:09:19;2015-07-01 16:11:00
45.763573087, 4.83190183735;"{""type"": ""Point"", ""coordinates"": [4.831901837346544, 45.76357308699398]}";2040;Quai Saint Antoine;10 quai Saint Antoine;;Lyon 2 ème;40;Non;Commerces, centre-ville;45.7635730869941000;4.8319018373465500;15;CLOSED;13;0;3;Orange;t;949;2015-07-01 00:30:01;2015-07-01 00:30:01
45.7619651301, 4.84105343077;"{""type"": ""Point"", ""coordinates"": [4.841053430766209, 45.76196513011541]}";3044;Augagneur / Bonnel;Quai Augagneur;Entre rue de Bonnel et rue Rabelais;Lyon 3 ème;44;Non;maillage (habitat dense);45.7619651301155000;4.8410534307662100;21;OPEN;8;9;1;Vert;t;1029;2015-07-01 16:09:39;2015-07-01 16:11:00
45.7658113822, 4.83689574142;"{""type"": ""Point"", ""coordinates"": [4.836895741420563, 45.765811382203964]}";1012;Ampère;Rue de la Bourse;Long du Collège-Lycée Ampère;Lyon 1 er;12;Non;Lycée Ampère et rue de la Bourse, Métro A;45.7658113822041000;4.8368957414205600;20;OPEN;3;17;1;Vert;t;1066;2015-07-01 16:05:55;2015-07-01 16:11:00
45.7297456006, 4.86828425933;"{""type"": ""Point"", ""coordinates"": [4.868284259333226, 45.72974560058471]}";8006;Place 8 mai 1945;rue Professeur Beauvisage;angle avenue des Etats-Unis;Lyon 8 ème;6;Non;coeur quartier, itinéraires cyclables;45.7297456005848000;4.8682842593332300;20;OPEN;5;14;1;Vert;t;1070;2015-07-01 16:00:45;2015-07-01 16:11:00
45.743391975, 4.81581631156;"{""type"": ""Point"", ""coordinates"": [4.815816311556858, 45.743391974956474]}";2010;Confluence Darse;Allée Andrée Mure;;Lyon 2 ème;10;Non;;45.7433919749566000;4.8158163115568600;22;OPEN;1;19;1;Vert;t;1023;2015-07-01 16:05:00;2015-07-01 16:11:00
45.7881700188, 4.81856028667;"{""type"": ""Point"", ""coordinates"": [4.818560286672525, 45.78817001882357]}";4024;Lyon Métropole;Face au 84, quai Joseph Gillet;150 mètres au sud de la rue du Bois de la Caille;Lyon 4 ème;24;Non;;45.7881700188237000;4.8185602866725300;25;OPEN;8;17;1;Vert;t;951;2015-07-01 16:00:15;2015-07-01 16:11:00
45.7536448446, 4.88926855741;"{""type"": ""Point"", ""coordinates"": [4.889268557413093, 45.75364484459546]}";3013;Place Ronde;Place Antoinette;Angle rue Antoinette et cours Richard;Lyon 3 ème;13;Non;coeur de quartier;45.7536448445955000;4.8892685574130900;21;OPEN;18;3;1;Vert;t;1002;2015-07-01 16:06:51;2015-07-01 16:11:00
45.7495170788, 4.88728572322;"{""type"": ""Point"", ""coordinates"": [4.887285723219294, 45.749517078847035]}";3012;Place du Château;Place du Château;A côté de l'Eglise;Lyon 3 ème;12;Non;coeur de quartier;45.7495170788471000;4.8872857232192900;25;OPEN;21;4;1;Vert;t;865;2015-07-01 16:04:45;2015-07-01 16:11:00
45.7668296196, 4.84113933935;"{""type"": ""Point"", ""coordinates"": [4.841139339351326, 45.7668296196242]}";6023;Liautey / Sarrail;Place Liautey;angle rue de Sèze;Lyon 6 ème;23;Non;Parc du Rhône;45.7668296196243000;4.8411393393513300;14;OPEN;9;5;1;Vert;t;1060;2015-07-01 16:00:11;2015-07-01 16:11:00
45.7353460225, 4.88958397628;"{""type"": ""Point"", ""coordinates"": [4.889583976281172, 45.735346022545954]}";8059;Laennec/Pinel;Rue Paradin;;Lyon 8 ème;59;Non;Jardin public;45.7353460225460000;4.8895839762811800;18;OPEN;17;1;1;Vert;t;787;2015-07-01 16:09:36;2015-07-01 16:11:00
45.7496868149, 4.79561061527;"{""type"": ""Point"", ""coordinates"": [4.795610615269669, 45.74968681487182]}";5036;La Salette;Rue Commandant Charcot;;Lyon 5 ème;36;Oui;Habitations, commerces;45.7496868148719000;4.7956106152696700;15;OPEN;5;10;1;Vert;t;983;2015-07-01 16:02:59;2015-07-01 16:11:00
45.7240933491, 4.82713062819;"{""type"": ""Point"", ""coordinates"": [4.827130628192124, 45.72409334911947]}";7020;Parc de Gerland;Allée Pierre de Coubertin;derrière le Palais des Sports Entrée du P;Lyon 7 ème;20;Non;Parc de Gerland, Palais des Sports;45.7240933491196000;4.8271306281921300;26;OPEN;2;24;1;Vert;t;801;2015-07-01 16:08:15;2015-07-01 16:11:00
45.7542631709, 4.8634659166;"{""type"": ""Point"", ""coordinates"": [4.863465916595747, 45.754263170859794]}";3066;Kimmerling / Faure;139 avenue Faure;;Lyon 3 ème;66;Non;Bureaux, habitat, collège;45.7542631708599000;4.8634659165957500;20;OPEN;14;6;1;Vert;t;958;2015-07-01 16:04:06;2015-07-01 16:11:00
45.763640703, 4.87314108788;"{""type"": ""Point"", ""coordinates"": [4.873141087880778, 45.76364070302342]}";10025;Totem;Cours Tolstoi;;VILLEURBANNE;25;Non;Centre Quartier;45.7636407030235000;4.8731410878807800;20;OPEN;16;3;1;Vert;t;900;2015-07-01 16:09:10;2015-07-01 16:11:00
45.767534302, 4.87396620987;"{""type"": ""Point"", ""coordinates"": [4.873966209868981, 45.76753430200755]}";10028;République / Anatole France;Cours de la République;Angle Anatole France;VILLEURBANNE;28;Non;Conservatoire (A. France = itinéraire cyclable);45.7675343020076000;4.8739662098689800;24;OPEN;14;9;1;Vert;t;878;2015-07-01 16:10:09;2015-07-01 16:11:00
45.7797016132, 4.859991161;"{""type"": ""Point"", ""coordinates"": [4.859991160995684, 45.77970161324886]}";10005;Parc Tête d'Or / Stalingrad;Boulevard du 11 novembre 1918;Entrée parc;VILLEURBANNE;5;Non;Parc Tête d'Or, itinéraire cyclable;45.7797016132489000;4.8599911609956900;35;OPEN;18;17;1;Vert;t;1080;2015-07-01 16:10:05;2015-07-01 16:11:00
45.7707325605, 4.85677966748;"{""type"": ""Point"", ""coordinates"": [4.856779667477086, 45.77073256054896]}";6024;Tronchet / Anatole France;Rue Tronchet;angle rue Anatole France;Lyon 6 ème;24;Non;Lycée du Parc, piscine Tronchet;45.7707325605490000;4.8567796674770900;10;OPEN;7;2;1;Vert;t;1061;2015-07-01 16:04:55;2015-07-01 16:11:00
45.7525429085, 4.89425874575;"{""type"": ""Point"", ""coordinates"": [4.894258745750595, 45.75254290853357]}";3102;Dr Long / Caille;2, rue de la Caille;;Lyon 3 ème;102;Non;Maillage;45.7525429085337000;4.8942587457506000;16;OPEN;16;0;3;Orange;t;789;2015-07-01 16:08:56;2015-07-01 16:11:00
45.7738436682, 4.89384801671;"{""type"": ""Point"", ""coordinates"": [4.89384801671434, 45.77384366819808]}";10030;Greuze;Rue proudhon;;VILLEURBANNE;30;Non;centre social;45.7738436681982000;4.8938480167143400;18;OPEN;0;18;2;Bleu;t;822;2015-07-01 15:44:47;2015-07-01 16:11:00
45.7821896441, 4.87687992444;"{""type"": ""Point"", ""coordinates"": [4.876879924443671, 45.78218964412451]}";10002;INSA;Avenue Albert Einstein;au niveau du virage de l'avenue;VILLEURBANNE;2;Non;INSA, tram, itinéraires cyclables;45.7821896441246000;4.8768799244436700;40;OPEN;24;16;1;Vert;t;899;2015-07-01 16:09:17;2015-07-01 16:11:00
45.7323603634, 4.8534202156;"{""type"": ""Point"", ""coordinates"": [4.853420215601902, 45.732360363435546]}";8057;Vienne  / Montagny;184 route de Vienne;;Lyon 8 ème;57;Non;Maillage;45.7323603634356000;4.8534202156019000;20;OPEN;7;12;1;Vert;t;786;2015-07-01 16:01:24;2015-07-01 16:11:00
45.7520997282, 4.91464300868;"{""type"": ""Point"", ""coordinates"": [4.914643008684631, 45.75209972821923]}";10016;Place de la paix;10 place de la Paix;;VILLEURBANNE;16;Non;Maillage, espace public, centre quartier;45.7520997282193000;4.9146430086846300;17;OPEN;11;6;1;Vert;t;924;2015-07-01 16:08:23;2015-07-01 16:11:00
45.7332373892, 4.87863205917;"{""type"": ""Point"", ""coordinates"": [4.878632059169185, 45.733237389191295]}";8024;Mermoz / Michelet;avenue Mermoz;angle avenue Michelet;Lyon 8 ème;24;Non;Cité des Entreprises, itinéraire cyclable;45.7332373891914000;4.8786320591691900;12;OPEN;3;9;1;Vert;t;810;2015-07-01 16:09:13;2015-07-01 16:11:00
45.7546761674, 4.8298923282;"{""type"": ""Point"", ""coordinates"": [4.829892328199221, 45.754676167368494]}";2023;Hugo / Ste Hélène;Rue Sainte Hélène;Entre rue Victor Hugi et rue d'Auvergne;Lyon 2 ème;23;Non;commerces;45.7546761673686000;4.8298923281992200;20;OPEN;4;16;1;Vert;t;848;2015-07-01 16:09:52;2015-07-01 16:11:00
45.7444223014, 4.82214287044;"{""type"": ""Point"", ""coordinates"": [4.822142870439609, 45.74442230142222]}";2028;Sainte Blandine;Cours Charlemagne;face station tram Ste Blandine;Lyon 2 ème;28;Non;tram;45.7444223014223000;4.8221428704396100;16;OPEN;0;16;2;Bleu;t;847;2015-07-01 16:07:08;2015-07-01 16:11:00
45.7645636665, 4.89233360718;"{""type"": ""Point"", ""coordinates"": [4.892333607182114, 45.76456366652932]}";10117;La Pérralière;171 rue Léon Blum;;VILLEURBANNE;117;Non;Centre de quartier, commerces;45.7645636665294000;4.8923336071821100;22;OPEN;1;21;1;Vert;t;922;2015-07-01 16:07:22;2015-07-01 16:11:00
45.761788285, 4.88615728486;"{""type"": ""Point"", ""coordinates"": [4.886157284856601, 45.761788284968624]}";10034;MJC;Rue du Docteur Damidot;Devant la MJC;VILLEURBANNE;34;Non;MJC;45.7617882849687000;4.8861572848566000;10;OPEN;10;0;3;Orange;t;823;2015-07-01 16:09:13;2015-07-01 16:11:00
45.7794499266, 4.89150082453;"{""type"": ""Point"", ""coordinates"": [4.891500824527037, 45.77944992658253]}";10039;Bouvier / 8 mai 1945;Rue du Professeur Bouvier;Angle rue du 8 Mai 1945;VILLEURBANNE;39;Non;coeur quartier;45.7794499265826000;4.8915008245270400;16;OPEN;13;3;1;Vert;t;831;2015-07-01 16:09:32;2015-07-01 16:11:00
45.7578746008, 4.826223348;"{""type"": ""Point"", ""coordinates"": [4.826223347995765, 45.7578746007759]}";5040;Place Crépu;127 quai Fulchiron;;Lyon 5 ème;40;Non;Vieux Lyon, Parking;45.7578746007760000;4.8262233479957700;20;OPEN;14;5;1;Vert;t;915;2015-07-01 16:00:47;2015-07-01 16:11:00
45.7760929787, 4.82947495889;"{""type"": ""Point"", ""coordinates"": [4.829474958894087, 45.77609297865239]}";4017;Place des tapis;Boulevard des Canuts;angle boulevard de la Croix-Rousse;Lyon 4 ème;17;Oui;coeur de quartier;45.7760929786525000;4.8294749588940900;17;OPEN;8;9;1;Vert;t;1076;2015-07-01 16:03:45;2015-07-01 16:11:00
45.7704769201, 4.80090048324;"{""type"": ""Point"", ""coordinates"": [4.800900483241142, 45.7704769200645]}";9044;Masset / St Pierre de Vaise;86 rue St Pierre de Vaise;;Lyon 9 ème;44;Non;Activités, maillage;45.7704769200646000;4.8009004832411400;16;OPEN;2;12;1;Vert;t;889;2015-07-01 16:02:19;2015-07-01 16:11:00
45.7777983855, 4.88398291966;"{""type"": ""Point"", ""coordinates"": [4.883982919658965, 45.77779838552551]}";10083;Château Gaillard / Filature /;rue des bienvenus;;VILLEURBANNE;83;Non;maillage, iti. Cyclable;45.7777983855256000;4.8839829196589700;15;OPEN;14;0;3;Orange;t;976;2015-07-01 16:03:14;2015-07-01 16:11:00
45.7607767055, 4.85251059124;"{""type"": ""Point"", ""coordinates"": [4.852510591241066, 45.76077670548119]}";3015;Servient / Garibaldi;Servient;Angle rue Garibaldi;Lyon 3 ème;15;Non;tram, cité administrative;45.7607767054813000;4.8525105912410700;17;OPEN;0;16;2;Bleu;t;804;2015-07-01 16:03:53;2015-07-01 16:11:00
45.7557568967, 4.84069536039;"{""type"": ""Point"", ""coordinates"": [4.840695360385709, 45.755756896674214]}";7056;Place Raspail;3 rue Cavenne;;Lyon 7 ème;56;Non;Commerces, quartier, point nodal (Guillotière, 7e,;45.7557568966743000;4.8406953603857100;22;OPEN;15;7;1;Vert;t;770;2015-07-01 16:04:34;2015-07-01 16:11:00
45.731756154, 4.87424491378;"{""type"": ""Point"", ""coordinates"": [4.874244913775125, 45.73175615404192]}";8060;Santy / Beauvisage;9 rue Pierre Verger;;Lyon 8 ème;60;Non;Maillage;45.7317561540420000;4.8742449137751200;22;OPEN;7;14;1;Vert;t;964;2015-07-01 16:08:12;2015-07-01 16:11:00
45.7698360006, 4.88952608579;"{""type"": ""Point"", ""coordinates"": [4.889526085789313, 45.769836000589684]}";10086;Anatole France / Pressensé;Rue Anatole France;Angle Rue de Pressensé / Flachet;VILLEURBANNE;86;Non;maillage, iti. Cyclable;45.7698360005898000;4.8895260857893200;10;OPEN;4;6;1;Vert;t;837;2015-07-01 16:05:21;2015-07-01 16:11:00
45.7633758465, 4.82904044152;"{""type"": ""Point"", ""coordinates"": [4.829040441519918, 45.76337584648229]}";5026;Saint Jean / Rue de la Baleine;rue de la Baleine;angle quai Romain Rolland;Lyon 5 ème;26;Non;Vieux Lyon;45.7633758464824000;4.8290404415199200;14;OPEN;14;0;3;Orange;t;842;2015-07-01 16:07:32;2015-07-01 16:11:00
45.775502359, 4.83506254529;"{""type"": ""Point"", ""coordinates"": [4.835062545291405, 45.775502359048495]}";4041;Boussange/Austerlitz;17 rue d'Austerlitz;;Lyon 4 ème;41;Oui;Renforcement 4022, commerces;45.7755023590486000;4.8350625452914100;18;OPEN;16;2;1;Vert;t;934;2015-07-01 16:06:28;2015-07-01 16:11:00
45.7683990533, 4.84949945274;"{""type"": ""Point"", ""coordinates"": [4.849499452740501, 45.7683990532861]}";6011;Mairie du 6e;58 rue de Sèze;angle rue Boileau;Lyon 6 ème;11;Non;mairie du 6e;45.7683990532862000;4.8494994527405000;15;OPEN;13;2;1;Vert;t;836;2015-07-01 16:01:48;2015-07-01 16:11:00
45.7473577623, 4.83604918965;"{""type"": ""Point"", ""coordinates"": [4.836049189654229, 45.74735776230636]}";7010;Berthelot / Pasteur;rue Pasteur;angle avenue Berthelot;Lyon 7 ème;10;Non;tram, cinéma;45.7473577623064000;4.8360491896542300;20;OPEN;0;20;2;Bleu;t;1062;2015-07-01 16:09:59;2015-07-01 16:11:00
45.7756418294, 4.80531798091;"{""type"": ""Point"", ""coordinates"": [4.805317980911979, 45.77564182944418]}";9003;place Valmy;rue Roquette;angle rue de Bourgogne;Lyon 9 ème;3;Non;métro D, médiathèque;45.7756418294443000;4.8053179809119800;16;OPEN;7;9;1;Vert;t;841;2015-07-01 16:09:33;2015-07-01 16:11:00
45.7571997023, 4.84049913754;"{""type"": ""Point"", ""coordinates"": [4.840499137542487, 45.75719970232646]}";3097;Augagneur;28 quai Augagneur;;Lyon 3 ème;97;Non;Commerces, quartier, point nodal (Guillotière, 7e,;45.7571997023265000;4.8404991375424900;16;OPEN;4;7;1;Vert;t;988;2015-07-01 16:06:54;2015-07-01 16:11:00
45.7495469577, 4.87602199224;"{""type"": ""Point"", ""coordinates"": [4.87602199223534, 45.749546957743476]}";3086;Feuillat/Lacassagne;115 avenue Lacassagne;;Lyon 3 ème;86;Non;Maillage, stade;45.7495469577436000;4.8760219922353400;16;OPEN;11;5;1;Vert;t;1096;2015-07-01 16:09:48;2015-07-01 16:11:00
45.7722995939, 4.86569926845;"{""type"": ""Point"", ""coordinates"": [4.865699268446058, 45.77229959385074]}";10075;Charmettes / Péri / Philip;rue Gabriel Péri;Angle cours André Philip;VILLEURBANNE;75;Non;;45.7722995938508000;4.8656992684460600;12;OPEN;6;6;1;Vert;t;833;2015-07-01 16:06:20;2015-07-01 16:11:00
45.7455815522, 4.82353267324;"{""type"": ""Point"", ""coordinates"": [4.823532673236307, 45.74558155218041]}";2006;Place de l'Hippodrome;Place de l'Hippodrome;Angle cours Charlemagne;Lyon 2 ème;6;Non;coeur quartier;45.7455815521805000;4.8235326732363100;14;OPEN;1;13;1;Vert;t;862;2015-07-01 16:01:07;2015-07-01 16:11:00
45.7836371651, 4.7945253085;"{""type"": ""Point"", ""coordinates"": [4.794525308499561, 45.78363716505471]}";9050;Le Château;228 avenue du Plateau;;Lyon 9 ème;50;Oui;Commerces, poste, mairie, cpam, marché;45.7836371650548000;4.7945253084995600;12;CLOSED;12;0;3;Orange;t;1016;2015-06-25 11:31:21;2015-07-01 16:11:00
45.7529723996, 4.8988656629;"{""type"": ""Point"", ""coordinates"": [4.898865662897635, 45.752972399586696]}";10041;Kimmerling;41 rouet de Genas;;VILLEURBANNE;41;Non;Maillage, espace public;45.7529723995868000;4.8988656628976400;16;OPEN;11;5;1;Vert;t;1097;2015-07-01 16:05:18;2015-07-01 16:11:00
45.7681304002, 4.87916148914;"{""type"": ""Point"", ""coordinates"": [4.879161489138109, 45.76813040022985]}";10079;Anatole France / Barbusse;Rue Anatole France;Angle avenue Barbusse;VILLEURBANNE;79;Non;marché, centre-ville;45.7681304002299000;4.8791614891381100;20;OPEN;18;2;1;Vert;t;834;2015-07-01 16:05:19;2015-07-01 16:11:00
45.7462059799, 4.84197575547;"{""type"": ""Point"", ""coordinates"": [4.841975755465652, 45.7462059798811]}";7004;Place Jean Macé;place Jean Macé;face à la Mairie;Lyon 7 ème;4;Non;métro B, tram, future halte TER, coeur quartier, mairie;45.7462059798812000;4.8419757554656600;23;OPEN;14;9;1;Vert;t;1063;2015-07-01 16:07:03;2015-07-01 16:11:00
45.7242705029, 4.85415212713;"{""type"": ""Point"", ""coordinates"": [4.854152127127522, 45.724270502888835]}";8051;Hôpital St-Jean de Dieu;313 route de Vienne;;VENISSIEUX;51;Non;Hôpital Saint Jean de Dieu, logement colllectif;45.7242705028889000;4.8541521271275200;20;OPEN;16;3;1;Vert;t;785;2015-07-01 16:07:47;2015-07-01 16:11:00
45.7510366647, 4.84804076774;"{""type"": ""Point"", ""coordinates"": [4.848040767744837, 45.75103666472478]}";7039;Guillotière / Madeleine;Grande rue de la Guillotière;angle rue de la Madeleine;Lyon 7 ème;39;Non;maillage;45.7510366647249000;4.8480407677448400;10;OPEN;10;0;3;Orange;t;1031;2015-07-01 16:01:45;2015-07-01 16:11:00
45.7722014693, 4.83791179293;"{""type"": ""Point"", ""coordinates"": [4.83791179292647, 45.77220146925715]}";1035;Quai Lassagne;3 quai André Lassagne;;Lyon 1 er;35;Non;Maillage;45.7722014692572000;4.8379117929264700;16;OPEN;8;6;1;Vert;t;935;2015-07-01 16:04:48;2015-07-01 16:11:00
45.7509333904, 4.83936546384;"{""type"": ""Point"", ""coordinates"": [4.839365463840345, 45.75093339042979]}";7035;Marseille / Université;8 rue de l'Université;angle rue de Marseille;Lyon 7 ème;35;Non;tram;45.7509333904299000;4.8393654638403500;29;OPEN;4;24;1;Vert;t;1095;2015-07-01 16:09:56;2015-07-01 16:11:00
45.7776153015, 4.83445094478;"{""type"": ""Point"", ""coordinates"": [4.834450944777561, 45.77761530146482]}";4005;Place Bertone;rue du Chariot d'Or;Place Bertone;Lyon 4 ème;5;Oui;coeur quartier;45.7776153014649000;4.8344509447775600;12;OPEN;8;4;1;Vert;t;853;2015-07-01 16:09:05;2015-07-01 16:11:00
45.7791985053, 4.84097162336;"{""type"": ""Point"", ""coordinates"": [4.840971623355241, 45.77919850529225]}";4012;Place Adrien Godien;Place Adrien Godien;angle Montée de la Boucle;Lyon 4 ème;12;Non;maillage;45.7791985052923000;4.8409716233552400;19;OPEN;18;1;1;Vert;t;1103;2015-07-01 16:05:17;2015-07-01 16:11:00
45.7594698848, 4.83014467707;"{""type"": ""Point"", ""coordinates"": [4.830144677072242, 45.75946988482164]}";2036;Place A.Gourju;Place Gorjus;;Lyon 2 ème;36;Non;Commerces, place Bellecour,;45.7594698848217000;4.8301446770722400;20;OPEN;14;6;1;Vert;t;911;2015-07-01 16:09:53;2015-07-01 16:11:00
45.7648217045, 4.88431892911;"{""type"": ""Point"", ""coordinates"": [4.884318929113726, 45.76482170451848]}";10064;Rollet / 4 août 1789 / Blanqui;Rue du 4 août 1789;Angle rue Rollet / Blanqui;VILLEURBANNE;64;Non;iti. Cyclable, associations sportives;45.7648217045186000;4.8843189291137300;10;OPEN;10;0;3;Orange;t;813;2015-07-01 16:01:53;2015-07-01 16:11:00
45.7578296699, 4.8683950402;"{""type"": ""Point"", ""coordinates"": [4.868395040197142, 45.75782966987453]}";3085;Sacré Coeur;rue Charial;;Lyon 3 ème;85;Non;Gymnase, piscine, lycée, jardin public, sacré coeur;45.7578296698746000;4.8683950401971400;16;OPEN;10;6;1;Vert;t;946;2015-07-01 16:06:39;2015-07-01 16:11:00
45.7458095693, 4.87068757478;"{""type"": ""Point"", ""coordinates"": [4.870687574777598, 45.74580956929103]}";3008;Institut Lumière;Cours Albert Thomas;;Lyon 3 ème;8;Non;Métro, coeur quartier, institut Lumière, marché;45.7458095692911000;4.8706875747776000;18;OPEN;17;1;1;Vert;t;793;2015-07-01 16:00:55;2015-07-01 16:11:00
45.7346818429, 4.83545738245;"{""type"": ""Point"", ""coordinates"": [4.835457382449118, 45.734681842914775]}";7057;Jaurès / Bollier;219 avenue Jean Jaurès;;Lyon 7 ème;57;Non;ENS Lettres, commerces;45.7346818429149000;4.8354573824491200;24;OPEN;9;14;1;Vert;t;765;2015-07-01 16:07:36;2015-07-01 16:11:00
45.7797132093, 4.83478724841;"{""type"": ""Point"", ""coordinates"": [4.834787248409273, 45.77971320932088]}";4003;Place Cdt Arnaud;Place Cdt Arnaud;angle rue Belfort;Lyon 4 ème;3;Oui;coeur quartier;45.7797132093210000;4.8347872484092700;17;OPEN;9;8;1;Vert;t;871;2015-07-01 16:06:22;2015-07-01 16:11:00
45.7754396142, 4.81787397185;"{""type"": ""Point"", ""coordinates"": [4.817873971851928, 45.77543961417362]}";4025;Parc Cerisaie;Rue Chazière;;Lyon 4 ème;25;Oui;Parc Cerisaie, habitations;45.7754396141737000;4.8178739718519300;20;OPEN;18;2;1;Vert;t;947;2015-07-01 16:09:17;2015-07-01 16:11:00
45.7856324624, 4.88241040153;"{""type"": ""Point"", ""coordinates"": [4.882410401534903, 45.785632462354414]}";10001;IUT/Feyssine;Rue de la Technologie;;VILLEURBANNE;1;Non;IUT, tramway;45.7856324623545000;4.8824104015349000;30;OPEN;10;19;1;Vert;t;970;2015-07-01 16:09:26;2015-07-01 16:11:00
45.7247162655, 4.87083165477;"{""type"": ""Point"", ""coordinates"": [4.870831654768776, 45.72471626550493]}";8041;Etats-Unis Viviani;170 boulevard des Etats-Unis angle avenue Viviani dir. vénissieux;;Lyon 8 ème;41;Non;;45.7247162655050000;4.8708316547687800;20;OPEN;2;17;1;Vert;t;1005;2015-07-01 16:02:55;2015-07-01 16:11:00
45.7528916538, 4.86396149383;"{""type"": ""Point"", ""coordinates"": [4.86396149382557, 45.752891653781155]}";3067;Renoir;Rue Jean Renoir;;Lyon 3 ème;67;Non;CES, logements;45.7528916537812000;4.8639614938255700;15;OPEN;13;1;1;Vert;t;1019;2015-07-01 16:04:55;2015-07-01 16:11:00
45.7450174321, 4.86645231727;"{""type"": ""Point"", ""coordinates"": [4.866452317266829, 45.74501743208311]}";8007;Rue des Frères Lumière;rue des Frères Lumières;angle rue Villon;Lyon 8 ème;7;Non;commerces;45.7450174320832000;4.8664523172668300;16;OPEN;12;3;1;Vert;t;843;2015-07-01 16:10:03;2015-07-01 16:11:00
45.7567664047, 4.83384102171;"{""type"": ""Point"", ""coordinates"": [4.833841021712146, 45.75676640473541]}";2008;Bellecour / Antonin Poncet;Place Antonin Poncet;Devant la librairie Privat;Lyon 2 ème;8;Non;métro A D, poste centrale, commerces;45.7567664047355000;4.8338410217121500;18;OPEN;5;12;1;Vert;t;1038;2015-07-01 16:10:03;2015-07-01 16:11:00
45.7764535731, 4.86711492199;"{""type"": ""Point"", ""coordinates"": [4.867114921992886, 45.77645357314125]}";10055;Condorcet / Galline;Avenue Galline;Angle avenue de Condorcet;VILLEURBANNE;55;Non;maillage (habitat dense);45.7764535731413000;4.8671149219928800;15;OPEN;4;11;1;Vert;t;814;2015-07-01 16:09:31;2015-07-01 16:11:00
45.7833410357, 4.81143304483;"{""type"": ""Point"", ""coordinates"": [4.811433044831253, 45.78334103569237]}";9014;Saint-Cyr / Mouillard;12 quai Commerce;entre la rue Dupont et la rue bourget => centre;Lyon 9 ème;14;Non;itinéraires cyclables;45.7833410356924000;4.8114330448312500;23;OPEN;20;3;1;Vert;t;1008;2015-07-01 16:08:11;2015-07-01 16:11:00
45.7559510292, 4.87734642987;"{""type"": ""Point"", ""coordinates"": [4.877346429874018, 45.75595102923554]}";10024;Maisons Neuves;Place des Maisons Neuves;Côté rue Jean Jaurès;VILLEURBANNE;24;Non;centre quartier, itinéraire cyclable;45.7559510292356000;4.8773464298740200;13;OPEN;11;1;1;Vert;t;820;2015-07-01 16:06:23;2015-07-01 16:11:00
45.7606037574, 4.90069696832;"{""type"": ""Point"", ""coordinates"": [4.900696968320918, 45.76060375736808]}";10087;Bon Coin;76 rue Pierre Baratin;;VILLEURBANNE;87;Non;Terrain de sport, quartier;45.7606037573682000;4.9006969683209200;12;OPEN;7;5;1;Vert;t;973;2015-07-01 16:06:25;2015-07-01 16:11:00
45.7540979307, 4.90566388975;"{""type"": ""Point"", ""coordinates"": [4.905663889748617, 45.75409793070983]}";10115;Place d'Espagne;143, Avenue Paul Kruger;;VILLEURBANNE;115;Non;Stade;45.7540979307099000;4.9056638897486200;22;OPEN;18;4;1;Vert;t;921;2015-07-01 16:03:46;2015-07-01 16:11:00
45.7597116936, 4.88986361796;"{""type"": ""Point"", ""coordinates"": [4.889863617962159, 45.75971169359094]}";10021;GrandClément;Place GrandClément;;VILLEURBANNE;21;Non;centre quartier, futur arrêt C3, itinéraire cyclable;45.7597116935910000;4.8898636179621600;19;OPEN;18;0;3;Orange;t;758;2015-07-01 16:08:19;2015-07-01 16:11:00
45.7835136793, 4.87127311041;"{""type"": ""Point"", ""coordinates"": [4.871273110410491, 45.783513679319775]}";10084;La Doua / Avenue des Arts;2, Avenue des Arts;;VILLEURBANNE;84;Non;Campus de la Doua;45.7835136793199000;4.8712731104104900;30;OPEN;15;15;1;Vert;t;967;2015-07-01 16:02:59;2015-07-01 16:11:00
45.7646857827, 4.82894479886;"{""type"": ""Point"", ""coordinates"": [4.828944798858942, 45.76468578265891]}";5009;Place Fousseret;Quai Romain Rolland / angle quai de Bondy;Place Fousseret;Lyon 5 ème;9;Non;Vieux Lyon;45.7646857826590000;4.8289447988589400;16;OPEN;13;2;1;Vert;t;1032;2015-07-01 16:06:21;2015-07-01 16:11:00
45.7668306065, 4.87989386728;"{""type"": ""Point"", ""coordinates"": [4.879893867277457, 45.76683060645243]}";10027;Mairie de Villeurbanne;Avenue Aristide Briand;En face de l'entrée de la mairie;VILLEURBANNE;27;Non;Mairie de Villeurbanne, TNP, itinéraire cyclable;45.7668306064525000;4.8798938672774600;26;OPEN;8;18;1;Vert;t;821;2015-07-01 16:08:08;2015-07-01 16:11:00
45.7253335569, 4.88141900632;"{""type"": ""Point"", ""coordinates"": [4.881419006318653, 45.725333556920354]}";8061;Stade Vuillermet;184 avenue Paul Santy;;Lyon 8 ème;61;Non;Stade, commerces;45.7253335569204000;4.8814190063186600;18;OPEN;5;13;1;Vert;t;919;2015-07-01 16:00:57;2015-07-01 16:11:00
45.7576229229, 4.84510859536;"{""type"": ""Point"", ""coordinates"": [4.845108595355383, 45.75762292285834]}";3082;Place Bahadourian;164 rue Corneille;;Lyon 3 ème;82;Non;Coeur de quartier, DDE;45.7576229228584000;4.8451085953553900;18;OPEN;13;4;1;Vert;t;960;2015-07-01 16:06:42;2015-07-01 16:11:00
45.7525730644, 4.84636322005;"{""type"": ""Point"", ""coordinates"": [4.846363220053326, 45.7525730643618]}";7008;Jean Jaurès / Guillotière;avenue Jean Jaurès;angle rue de la Guillotière;Lyon 7 ème;8;Non;maillage;45.7525730643619000;4.8463632200533300;10;OPEN;4;5;1;Vert;t;963;2015-07-01 16:06:58;2015-07-01 16:11:00
45.7657655925, 4.84473189285;"{""type"": ""Point"", ""coordinates"": [4.844731892850444, 45.76576559246284]}";6005;Place Edgar Quinet;Place Edgar Quinet;Devant le lycée;Lyon 6 ème;5;Non;coeur quartier;45.7657655924629000;4.8447318928504400;20;OPEN;6;14;1;Vert;t;1044;2015-07-01 16:08:24;2015-07-01 16:11:00
45.7426537617, 4.85053697146;"{""type"": ""Point"", ""coordinates"": [4.850536971459663, 45.74265376172821]}";7023;Berthelot / Route de Vienne;route de Vienne;angle avenue Berthelot;Lyon 7 ème;23;Non;tram;45.7426537617283000;4.8505369714596700;15;OPEN;10;5;1;Vert;t;1007;2015-07-01 16:10:07;2015-07-01 16:11:00
45.7297266956, 4.85396375719;"{""type"": ""Point"", ""coordinates"": [4.853963757190567, 45.729726695630795]}";8020;Moulin à Vent;Angle rue du Moulin à Vent / route de Vienne;;Lyon 8 ème;20;Non;Commerces, itinéraire cyclable, coeur de quartier;45.7297266956309000;4.8539637571905700;20;OPEN;19;1;1;Vert;t;1020;2015-07-01 16:04:04;2015-07-01 16:11:00
45.7502638737, 4.84519252016;"{""type"": ""Point"", ""coordinates"": [4.845192520164353, 45.75026387369137]}";7053;Jaurès/Thibaudière;27 rue de la Thibaudière;;Lyon 7 ème;53;Non;Maillage;45.7502638736915000;4.8451925201643500;18;OPEN;4;13;1;Vert;t;893;2015-07-01 16:08:24;2015-07-01 16:11:00
45.7621899823, 4.83595992508;"{""type"": ""Point"", ""coordinates"": [4.835959925076831, 45.762189982346676]}";2017;République / Ferrandière;rue de la Ferrandière;rue de la République;Lyon 2 ème;17;Non;métro A, commerces;45.7621899823468000;4.8359599250768300;15;OPEN;5;10;1;Vert;t;852;2015-07-01 16:08:31;2015-07-01 16:11:00
45.769604422, 4.83765826124;"{""type"": ""Point"", ""coordinates"": [4.837658261238963, 45.76960442199601]}";1022;Place Tolozan;Place Tolozan;Angle nord-est de la place;Lyon 1 er;22;Non;Opéra, Métro A, métro C, mairie centrale;45.7696044219961000;4.8376582612389700;31;OPEN;25;4;1;Vert;t;1098;2015-07-01 16:07:28;2015-07-01 16:11:00
45.7731377075, 4.87425712433;"{""type"": ""Point"", ""coordinates"": [4.874257124326268, 45.77313770752366]}";10089;Colin /Ottavi;rue colin;;VILLEURBANNE;89;Non;commerces, iti. Cyclable;45.7731377075237000;4.8742571243262700;15;OPEN;9;6;1;Vert;t;982;2015-07-01 16:09:39;2015-07-01 16:11:00
45.7746327348, 4.81331428049;"{""type"": ""Point"", ""coordinates"": [4.813314280487104, 45.7746327347518]}";4026;Birmingham;Avenue de Birmingham;;Lyon 4 ème;26;Non;;45.7746327347519000;4.8133142804871100;20;OPEN;13;7;1;Vert;t;957;2015-07-01 16:03:48;2015-07-01 16:11:00
45.753004353, 4.85024742722;"{""type"": ""Point"", ""coordinates"": [4.850247427219969, 45.75300435302201]}";3029;Place Aristide Briand;Rue Duguesclin;Angle Gambetta;Lyon 3 ème;29;Non;itinéraires cyclables;45.7530043530221000;4.8502474272199700;23;OPEN;21;2;1;Vert;t;881;2015-07-01 16:03:07;2015-07-01 16:11:00
45.7434416842, 4.87890312618;"{""type"": ""Point"", ""coordinates"": [4.878903126175373, 45.743441684170925]}";3007;Place d'Arsonval;Place d'Arsonval;A côté du stand de fleurs;Lyon 3 ème;7;Non;hôpital Herriot, métro D, tram, fac de pharmacie;45.7434416841710000;4.8789031261753700;32;OPEN;11;19;1;Vert;t;1050;2015-07-01 16:03:46;2015-07-01 16:11:00
45.7620553015, 4.83320595564;"{""type"": ""Point"", ""coordinates"": [4.833205955637977, 45.76205530147806]}";2025;Brest / Ferrandière;Rue Ferrandière;Angle rue de Brest;Lyon 2 ème;25;Non;restaurants de la rue Mercière, commerces;45.7620553014781000;4.8332059556379800;10;OPEN;6;3;1;Vert;t;849;2015-07-01 16:00:22;2015-07-01 16:11:00
45.7668368461, 4.83433332127;"{""type"": ""Point"", ""coordinates"": [4.834333321272856, 45.76683684613594]}";1021;Terreaux / Herriot;3 rue Herriot;angle rue Pizay;Lyon 1 er;21;Non;Palais des Beaux Arts;45.7668368461360000;4.8343333212728600;11;OPEN;5;6;1;Vert;t;806;2015-07-01 16:08:43;2015-07-01 16:11:00
45.7495553441, 4.85294425479;"{""type"": ""Point"", ""coordinates"": [4.852944254794116, 45.74955534413384]}";7038;Place de Stalingard;place Stalingrad;rue de la Guillotière;Lyon 7 ème;38;Non;maillage;45.7495553441339000;4.8529442547941200;13;OPEN;8;5;1;Vert;t;944;2015-07-01 16:03:51;2015-07-01 16:11:00
45.7865247393, 4.79707090233;"{""type"": ""Point"", ""coordinates"": [4.79707090233101, 45.78652473934906]}";9051;Andréi Sakharov;301 avenue A.Sakharov;;Lyon 9 ème;51;Oui;Stade, lycée;45.7865247393491000;4.7970709023310100;24;OPEN;9;3;1;Vert;t;989;2015-07-01 16:01:53;2015-07-01 16:11:00
45.7547981964, 4.80737276927;"{""type"": ""Point"", ""coordinates"": [4.807372769269815, 45.75479819638077]}";5030;Charcot / Résidence universitaire;Rue Cdt Charcot;Angle Fort St Irénée/rue Cdt Charcot;Lyon 5 ème;30;Oui;Résidence universitaire, marché;45.7547981963809000;4.8073727692698200;32;OPEN;25;7;1;Vert;t;905;2015-07-01 16:07:48;2015-07-01 16:11:00
45.7575651629, 4.80096231124;"{""type"": ""Point"", ""coordinates"": [4.800962311239263, 45.75756516287984]}";5016;Mairie du 5e;rue Docteur Locard face 15;devant la mairie du 5ème;Lyon 5 ème;16;Oui;mairie;45.7575651628799000;4.8009623112392600;13;OPEN;9;4;1;Vert;t;809;2015-07-01 16:05:54;2015-07-01 16:11:00
45.7804458217, 4.90448884579;"{""type"": ""Point"", ""coordinates"": [4.904488845789295, 45.78044582171085]}";10119;Saint Jean;;;VILLEURBANNE;119;Non;Collège Jean Vilar;45.7804458217109000;4.9044888457893000;12;OPEN;6;4;1;Vert;t;782;2015-07-01 16:02:09;2015-07-01 16:11:00
45.7481832938, 4.89695705755;"{""type"": ""Point"", ""coordinates"": [4.896957057546001, 45.748183293843084]}";3091;Hôpital Neurologique;59 boulevard Pinel;;Lyon 3 ème;91;Non;Centre hospitalier, itinéraire cyclable;45.7481832938432000;4.8969570575460000;30;OPEN;27;3;1;Vert;t;795;2015-07-01 16:05:41;2015-07-01 16:11:00
45.7377520987, 4.8244878802;"{""type"": ""Point"", ""coordinates"": [4.824487880196701, 45.73775209868136]}";7045;Parc des Berges;40 avenue Leclerc;;Lyon 7 ème;45;Non;Accès berges, parc, itinéraire cyclable;45.7377520986814000;4.8244878801967000;20;OPEN;1;19;1;Vert;t;760;2015-07-01 16:09:48;2015-07-01 16:11:00
45.7592438501, 4.87588806572;"{""type"": ""Point"", ""coordinates"": [4.875888065717217, 45.759243850094016]}";10048;Place Marengo;place marengo;;VILLEURBANNE;48;Non;c¿ur quartier, itinéraire cyclable;45.7592438500941000;4.8758880657172200;23;OPEN;20;1;1;Vert;t;829;2015-07-01 16:01:34;2015-07-01 16:11:00
45.7620370807, 4.82888968246;"{""type"": ""Point"", ""coordinates"": [4.828889682458038, 45.76203708069259]}";5006;Saint Jean / Palais de Justice;Quai Romain Rolland;Face au Palais de Justice;Lyon 5 ème;6;Non;Vieux Lyon;45.7620370806927000;4.8288896824580400;17;OPEN;11;6;1;Vert;t;1030;2015-07-01 16:09:46;2015-07-01 16:11:00
45.7631587957, 4.90047953037;"{""type"": ""Point"", ""coordinates"": [4.900479530365131, 45.763158795690515]}";10035;Boiron Grangé;angle rue Baratin/rue réguillon;;VILLEURBANNE;35;Non;stade, complexe sportif Boiron Grangé;45.7631587956906000;4.9004795303651300;16;OPEN;9;6;1;Vert;t;977;2015-07-01 16:01:52;2015-07-01 16:11:00
45.7588252495, 4.84653860951;"{""type"": ""Point"", ""coordinates"": [4.846538609511435, 45.75882524953296]}";3088;Guichard / Mazenod;51 rue Moncey;;Lyon 3 ème;88;Non;Métro, tram, palais justice, bourse du travail;45.7588252495330000;4.8465386095114400;16;OPEN;6;9;1;Vert;t;856;2015-07-01 16:02:12;2015-07-01 16:11:00
45.7688763179, 4.88424151324;"{""type"": ""Point"", ""coordinates"": [4.884241513242611, 45.768876317906596]}";10059;Anatole France / Lherminier;Anatole France;Angle Zola / France / Lherminier;VILLEURBANNE;59;Non;stade de la Viabert, Carrefour, iti. Cyclable;45.7688763179067000;4.8842415132426100;13;OPEN;4;7;1;Vert;t;816;2015-07-01 16:01:28;2015-07-01 16:11:00
45.7659879834, 4.8620922782;"{""type"": ""Point"", ""coordinates"": [4.862092278200749, 45.765987983382274]}";6016;Viabert / Avenue Thiers;Rue de la Viabert;angle avenue Thiers;Lyon 6 ème;16;Non;tram, itinéraire cyclable;45.7659879833824000;4.8620922782007500;16;OPEN;15;1;1;Vert;t;942;2015-07-01 16:08:37;2015-07-01 16:11:00
45.7917199753, 4.82365975628;"{""type"": ""Point"", ""coordinates"": [4.823659756281264, 45.791719975339866]}";11003;Place de la Rochette;Place de la Rochette;;CALUIRE-ET-CUIRE;3;Non;;45.7917199753399000;4.8236597562812700;20;OPEN;18;1;1;Vert;t;956;2015-07-01 16:06:21;2015-07-01 16:11:00
45.738140056, 4.88688030871;"{""type"": ""Point"", ""coordinates"": [4.886880308711531, 45.7381400560294]}";8003;Laënnec;rue Guillaume Paradin;devant entrée de la fac;Lyon 8 ème;3;Non;faculté de médecine, métro;45.7381400560295000;4.8868803087115300;16;OPEN;16;0;3;Orange;t;1003;2015-07-01 16:07:54;2015-07-01 16:11:00
45.7405383152, 4.81917951844;"{""type"": ""Point"", ""coordinates"": [4.819179518436805, 45.74053831520383]}";2005;Confluence Hôtel de Région;101 cours Charlemagne;;Lyon 2 ème;5;Non;Hôtel de Région - Tram Montrochet - Pôle de loisirs;45.7405383152039000;4.8191795184368000;27;OPEN;9;23;1;Vert;t;1006;2015-07-01 16:04:57;2015-07-01 16:11:00
45.7672004172, 4.83639168536;"{""type"": ""Point"", ""coordinates"": [4.836391685356326, 45.76720041722024]}";1032;Pizay;17 rue Pizay;;Lyon 1 er;32;Non;;45.7672004172203000;4.8363916853563300;22;OPEN;11;10;1;Vert;t;1100;2015-07-01 16:09:17;2015-07-01 16:11:00
45.7520011769, 4.82166179835;"{""type"": ""Point"", ""coordinates"": [4.821661798351628, 45.752001176943196]}";5015;Fulchiron / Choulans;40 quai fulchiron;;Lyon 5 ème;15;Non;maillage;45.7520011769433000;4.8216617983516300;19;OPEN;6;13;1;Vert;t;858;2015-07-01 16:09:48;2015-07-01 16:11:00
45.7537090611, 4.83832058149;"{""type"": ""Point"", ""coordinates"": [4.838320581491899, 45.753709061112296]}";7034;Piscine du Rhône;Quai Claude Bernard;devant l'entrée de la piscine;Lyon 7 ème;34;Non;Piscine du Rhône;45.7537090611124000;4.8383205814919000;30;OPEN;3;12;1;Vert;t;874;2015-07-01 16:08:50;2015-07-01 16:11:00
45.738667884, 4.87813090555;"{""type"": ""Point"", ""coordinates"": [4.87813090555283, 45.738667883950846]}";8058;Longefer / Kruger;10 rue Paul Kruger;;Lyon 8 ème;58;Non;Maillage;45.7386678839509000;4.8781309055528300;16;OPEN;10;6;1;Vert;t;1011;2015-07-01 16:06:03;2015-07-01 16:11:00
45.7733105054, 4.82127926256;"{""type"": ""Point"", ""coordinates"": [4.821279262555679, 45.77331050537237]}";4006;IUFM;rue Philippe de Lasalle face à l'IU;angle rue Anselme;Lyon 4 ème;6;Oui;IUFM;45.7733105053725000;4.8212792625556800;22;OPEN;19;3;1;Vert;t;872;2015-07-01 16:05:46;2015-07-01 16:11:00
45.7844851872, 4.87740423258;"{""type"": ""Point"", ""coordinates"": [4.877404232576629, 45.78448518723836]}";10103;DOUA / Rue des sports;Rue des Arts;;VILLEURBANNE;103;Non;Tennis, stade, piscine;45.7844851872384000;4.8774042325766300;30;OPEN;16;14;1;Vert;t;968;2015-07-01 16:08:53;2015-07-01 16:11:00
45.7588154949, 4.85388085612;"{""type"": ""Point"", ""coordinates"": [4.853880856121917, 45.758815494892424]}";3058;Place du Lac;Place du Lac;face à la Poste;Lyon 3 ème;58;Non;;45.7588154948925000;4.8538808561219200;19;OPEN;4;15;1;Vert;t;1045;2015-07-01 16:06:15;2015-07-01 16:11:00
45.7925672653, 4.82063516798;"{""type"": ""Point"", ""coordinates"": [4.820635167984586, 45.792567265345745]}";9041;Carret / Sédaillan;30 quai Paul Sédaillan;;Lyon 9 ème;41;Non;Activités, logement, maillage;45.7925672653458000;4.8206351679845900;24;OPEN;6;12;1;Vert;t;929;2015-07-01 16:01:49;2015-07-01 16:11:00
45.7573307387, 4.858934965;"{""type"": ""Point"", ""coordinates"": [4.85893496499598, 45.757330738678874]}";3038;Part Dieu / CAFAL;65 Boulevard Vivier-Merle;angle rue Paul Bert;Lyon 3 ème;38;Non;CAFAL;45.7573307386790000;4.8589349649959800;40;OPEN;4;36;1;Vert;t;867;2015-07-01 16:02:28;2015-07-01 16:11:00
45.7696604863, 4.852373147;"{""type"": ""Point"", ""coordinates"": [4.852373147004512, 45.76966048628112]}";6007;Masséna / Roosevelt;Rue Tête d'Or;angle cours Vitton;Lyon 6 ème;7;Non;métro A;45.7696604862812000;4.8523731470045100;20;OPEN;13;7;1;Vert;t;818;2015-07-01 16:08:39;2015-07-01 16:11:00
45.7295009904, 4.82969004216;"{""type"": ""Point"", ""coordinates"": [4.829690042161126, 45.72950099042881]}";7012;Place des Pavillons;Place des Pavillons;Devant la Bibliothèque;Lyon 7 ème;12;Non;ENS Sciences, coeur quartier;45.7295009904289000;4.8296900421611300;13;OPEN;1;12;1;Vert;t;1079;2015-07-01 16:01:34;2015-07-01 16:11:00
45.7600550578, 4.86167388059;"{""type"": ""Point"", ""coordinates"": [4.86167388058994, 45.76005505781475]}";3080;Gare Part Dieu Est;Rue de la Villette;;Lyon 3 ème;80;Non;Gare Part-Dieu;45.7600550578148000;4.8616738805899400;30;OPEN;4;26;1;Vert;t;797;2015-07-01 16:09:58;2015-07-01 16:11:00
45.7587390822, 4.83407651541;"{""type"": ""Point"", ""coordinates"": [4.834076515413146, 45.75873908219377]}";2024;République / Archers;Rue Maupin;Entre Herriot et République;Lyon 2 ème;24;Non;commerces;45.7587390821938000;4.8340765154131500;15;OPEN;0;15;2;Bleu;t;1028;2015-07-01 16:01:32;2015-07-01 16:11:00
45.7472487338, 4.86528578303;"{""type"": ""Point"", ""coordinates"": [4.865285783031514, 45.74724873382137]}";8035;Sans Souci;Rue Edouard Rochet;;Lyon 8 ème;35;Non;Métro D, Institut Lumière, Place des frères Lumière;45.7472487338215000;4.8652857830315200;20;OPEN;2;18;1;Vert;t;1102;2015-07-01 16:08:25;2015-07-01 16:11:00
45.7670444715, 4.82698432331;"{""type"": ""Point"", ""coordinates"": [4.826984323306274, 45.76704447145243]}";5029;Saint Paul / Place Gerson;Place Gerson;A proximité du Quai Pierre Size;Lyon 5 ème;29;Non;Vieux Lyon;45.7670444714525000;4.8269843233062700;20;OPEN;15;5;1;Vert;t;1027;2015-07-01 16:09:59;2015-07-01 16:11:00
45.7572612599, 4.85520085642;"{""type"": ""Point"", ""coordinates"": [4.855200856422817, 45.757261259925066]}";3084;Desaix;128 rue Paul Bert;;Lyon 3 ème;84;Non;;45.7572612599252000;4.8552008564228200;30;OPEN;16;12;1;Vert;t;776;2015-07-01 16:03:31;2015-07-01 16:11:00
45.7513315689, 4.8363535145;"{""type"": ""Point"", ""coordinates"": [4.836353514498877, 45.75133156887539]}";7002;Universités Claude Bernard;Quai Claude Bernard;Entre Pont de l'université et rue Chevreul;Lyon 7 ème;2;Non;Université Lyon 2 et Lyon 3;45.7513315688755000;4.8363535144988800;29;OPEN;0;28;2;Bleu;t;1088;2015-07-01 16:07:45;2015-07-01 16:11:00
45.7643336976, 4.85349212971;"{""type"": ""Point"", ""coordinates"": [4.853492129706194, 45.764333697561135]}";6028;Récamier / Tête d'Or;Rue Récamier;angle rue Tête d'Or;Lyon 6 ème;28;Non;maillage;45.7643336975612000;4.8534921297062000;16;OPEN;2;14;1;Vert;t;1069;2015-07-01 16:08:05;2015-07-01 16:11:00
45.7530798612, 4.82964894793;"{""type"": ""Point"", ""coordinates"": [4.829648947929849, 45.75307986124438]}";2038;Hugo / Ainay;16 rue des Remparts d'Ainay;Angle Victor Hugo;Lyon 2 ème;38;Non;;45.7530798612445000;4.8296489479298500;16;OPEN;0;16;2;Bleu;t;928;2015-07-01 16:04:57;2015-07-01 16:11:00
45.7840513437, 4.89708592412;"{""type"": ""Point"", ""coordinates"": [4.897085924118774, 45.78405134368465]}";10122;Verdun/Desgrand;13 rue de Verdun;;VILLEURBANNE;122;Non;Maillage;45.7840513436847000;4.8970859241187800;21;OPEN;15;6;1;Vert;t;779;2015-07-01 16:04:28;2015-07-01 16:11:00
45.7398132349, 4.84030738862;"{""type"": ""Point"", ""coordinates"": [4.840307388622858, 45.739813234889596]}";7031;Jaurès/Gerland;45 rue Gerland;;Lyon 7 ème;31;Non;Foyer étudiant, centre de formation;45.7398132348897000;4.8403073886228600;20;OPEN;16;3;1;Vert;t;998;2015-07-01 16:04:24;2015-07-01 16:11:00
45.7596542197, 4.84806584611;"{""type"": ""Point"", ""coordinates"": [4.848065846108472, 45.75965421974141]}";3004;Place Guichard;Rue de la Part-Dieu;face Place Voltaire;Lyon 3 ème;4;Non;métro B, coeur quartier;45.7596542197415000;4.8480658461084700;20;OPEN;5;15;1;Vert;t;855;2015-07-01 16:09:52;2015-07-01 16:11:00
45.7730995725, 4.80781372226;"{""type"": ""Point"", ""coordinates"": [4.807813722264593, 45.77309957253307]}";9029;Saint Pierre de Vaise;Place Vanderpol;angle rue St Pierre de Vaise;Lyon 9 ème;29;Non;coeur de quartier;45.7730995725331000;4.8078137222645900;16;OPEN;6;8;1;Vert;t;1071;2015-07-01 16:07:18;2015-07-01 16:11:00
45.7504814834, 4.7887741211;"{""type"": ""Point"", ""coordinates"": [4.78877412110312, 45.750481483430946]}";5045;Valdo/Jeunet;Rue Jeunet;;Lyon 5 ème;45;Oui;Maillage;45.7504814834310000;4.7887741211031200;18;OPEN;13;5;1;Vert;t;883;2015-07-01 16:00:50;2015-07-01 16:11:00
45.7662574761, 4.82736282617;"{""type"": ""Point"", ""coordinates"": [4.827362826171142, 45.766257476121616]}";5005;Gare Saint Paul;Place Saint-Paul;;Lyon 5 ème;5;Non;gare, coeur quartier, Vieux Lyon;45.7662574761217000;4.8273628261711400;23;OPEN;6;17;1;Vert;t;851;2015-07-01 16:04:17;2015-07-01 16:11:00
45.7278885457, 4.86351759044;"{""type"": ""Point"", ""coordinates"": [4.863517590439336, 45.72788854571271]}";8008;Beauvisage / Préssensé / Viviani;rue professeur beauvisage;;Lyon 8 ème;8;Non;itinéraires cyclables;45.7278885457128000;4.8635175904393400;20;OPEN;2;18;1;Vert;t;773;2015-07-01 16:00:12;2015-07-01 16:11:00
45.7571957535, 4.81530487624;"{""type"": ""Point"", ""coordinates"": [4.81530487624088, 45.75719575350115]}";5001;Saint Just / Varillon;Rue de Trion;;Lyon 5 ème;1;Oui;Métro Saint Just, habitations, commerces;45.7571957535012000;4.8153048762408800;23;OPEN;16;7;1;Vert;t;1037;2015-07-01 16:04:37;2015-07-01 16:11:00
45.7477270249, 4.85159792893;"{""type"": ""Point"", ""coordinates"": [4.851597928933065, 45.747727024865846]}";7062;Garibaldi / Domer;Rue Garibaldi;;Lyon 7 ème;62;Non;Lycée Professionnel, CROUS;45.7477270248659000;4.8515979289330700;19;OPEN;14;5;1;Vert;t;762;2015-07-01 16:01:41;2015-07-01 16:11:00
45.7742408281, 4.80566601141;"{""type"": ""Point"", ""coordinates"": [4.805666011414775, 45.7742408280787]}";9002;Place du Marché;rue du Bourbonnais;sur le côté de la mairie;Lyon 9 ème;2;Non;mairie, coeur quartier, métro D;45.7742408280788000;4.8056660114147800;22;OPEN;6;16;1;Vert;t;1074;2015-07-01 16:02:33;2015-07-01 16:11:00
45.7322180107, 4.86514153674;"{""type"": ""Point"", ""coordinates"": [4.865141536736715, 45.73221801065958]}";8029;Etats Unis / Lévigne;79 boulevard des Etats-Unis;Angle Lévigne / Etats-Unis;Lyon 8 ème;29;Non;Commerce, habitat, école, tramway T4;45.7322180106597000;4.8651415367367200;20;OPEN;0;19;2;Bleu;t;994;2015-07-01 16:03:53;2015-07-01 16:11:00
45.7648582724, 4.84156547149;"{""type"": ""Point"", ""coordinates"": [4.841565471491021, 45.76485827235315]}";6032;Sarrail / Vauban;Quai Général Sarrail face 4;angle rue Vauban;Lyon 6 ème;32;Non;;45.7648582723532000;4.8415654714910200;20;OPEN;15;5;1;Vert;t;1090;2015-07-01 16:10:06;2015-07-01 16:11:00
45.7745269722, 4.84838234596;"{""type"": ""Point"", ""coordinates"": [4.848382345964659, 45.77452697219778]}";6020;Bd des Belges / Museum;Boulevard des Belges;angle rue Morellet;Lyon 6 ème;20;Non;musée Guimet, itinéraire cyclable;45.7745269721979000;4.8483823459646600;15;OPEN;12;3;1;Vert;t;1087;2015-07-01 16:04:48;2015-07-01 16:11:00
45.7838816143, 4.85214040342;"{""type"": ""Point"", ""coordinates"": [4.852140403416399, 45.78388161428298]}";6036;Cité Int. / Musée d'art contemporain;Proximité Musée d'art contemporain;;Lyon 6 ème;36;Non;Cinémas, Cité internationale, Musée d'art contemporain, parc;45.7838816142831000;4.8521404034164000;23;OPEN;2;21;1;Vert;t;1068;2015-07-01 16:09:01;2015-07-01 16:11:00
45.7692658463, 4.83007978877;"{""type"": ""Point"", ""coordinates"": [4.83007978876956, 45.76926584625121]}";1003;Place Sathonay;4 Place Sathonay;;Lyon 1 er;3;Non;;45.7692658462513000;4.8300797887695600;16;OPEN;13;2;1;Vert;t;768;2015-07-01 16:02:09;2015-07-01 16:11:00
45.7644003131, 4.91927578595;"{""type"": ""Point"", ""coordinates"": [4.919275785947366, 45.76440031305869]}";12002;Carré de Soie;Face 2 rue de la Poudrette;;VAULX-EN-VELIN;70;Non;Centre commercial Carré de Soie;45.7644003130588000;4.9192757859473700;20;OPEN;8;12;1;Vert;t;1004;2015-07-01 16:06:06;2015-07-01 16:11:00
45.7848557405, 4.85561542792;"{""type"": ""Point"", ""coordinates"": [4.855615427920815, 45.78485574054297]}";6042;Cité Internationale - Résidence;Allée Achille Lignon;;Lyon 6 ème;42;Non;Amphithéâtre, bureaux, résidence hôtelière;45.7848557405431000;4.8556154279208200;28;OPEN;8;20;1;Vert;t;936;2015-07-01 16:06:06;2015-07-01 16:11:00
45.7846110499, 4.85963914714;"{""type"": ""Point"", ""coordinates"": [4.85963914713868, 45.78461104988656]}";6041;Cité Internationale - Tête d'Or nord;Allée Achille Lignon;;Lyon 6 ème;41;Non;Parc, Amphithéâtre;45.7846110498866000;4.8596391471386800;22;OPEN;11;11;1;Vert;t;937;2015-07-01 16:04:09;2015-07-01 16:11:00
45.7314687852, 4.86026581633;"{""type"": ""Point"", ""coordinates"": [4.860265816333033, 45.73146878518782]}";8042;Francis de Pressenssé;Avenue Francis de Pressenssé;;Lyon 8 ème;38;Non;Quartier d'habitation;45.7314687851879000;4.8602658163330400;22;OPEN;10;12;1;Vert;t;880;2015-07-01 16:03:07;2015-07-01 16:11:00
45.7823061128, 4.84934398082;"{""type"": ""Point"", ""coordinates"": [4.849343980816728, 45.78230611283274]}";6037;Cité Int. / Interpol;Allée A. Lignon;Au niveau de l'arrêt de bus Interpol;Lyon 6 ème;37;Non;Interpol, habitations, parc;45.7823061128328000;4.8493439808167300;27;OPEN;5;22;1;Vert;t;1085;2015-07-01 16:08:47;2015-07-01 16:11:00
45.7668552367, 4.85897382064;"{""type"": ""Point"", ""coordinates"": [4.858973820636728, 45.76685523674701]}";6001;Gare des Brotteaux;Place Jules Ferry;;Lyon 6 ème;1;Non;Places Jules Ferry, Métro B, Parking, restaurants;45.7668552367471000;4.8589738206367300;20;OPEN;9;7;1;Vert;t;999;2015-07-01 16:09:58;2015-07-01 16:11:00
45.7546470828, 4.78820051196;"{""type"": ""Point"", ""coordinates"": [4.788200511956537, 45.75464708276875]}";5031;Ménival/Curie;Rue Joliot Curie;;Lyon 5 ème;31;Oui;Maillage;45.7546470827688000;4.7882005119565400;20;OPEN;19;1;1;Vert;t;945;2015-07-01 16:05:22;2015-07-01 16:11:00
45.7707838401, 4.87295938887;"{""type"": ""Point"", ""coordinates"": [4.872959388867289, 45.770783840068304]}";10061;métro République;105, cours Emile Zola;;VILLEURBANNE;61;Non;métro;45.7707838400684000;4.8729593888672900;18;OPEN;17;1;1;Vert;t;907;2015-07-01 16:06:11;2015-07-01 16:11:00
45.7733195111, 4.85183018012;"{""type"": ""Point"", ""coordinates"": [4.851830180121342, 45.773319511124775]}";6006;Boulevard des Belges;Boulevard des Belges;Face rue Duquenne;Lyon 6 ème;6;Non;Parc de la Tête d'Or;45.7733195111248000;4.8518301801213400;15;OPEN;4;11;1;Vert;t;835;2015-07-01 16:09:58;2015-07-01 16:11:00
45.7703330438, 4.86225781966;"{""type"": ""Point"", ""coordinates"": [4.862257819658226, 45.77033304382057]}";10111;Charles Hernu / Vitton;95, Cours Vitton;;VILLEURBANNE;111;Non;Métro, Tram;45.7703330438207000;4.8622578196582300;16;OPEN;9;7;1;Vert;t;965;2015-07-01 16:01:56;2015-07-01 16:11:00
45.7466859287, 4.84448236134;"{""type"": ""Point"", ""coordinates"": [4.844482361342289, 45.74668592871401]}";7041;MJC du 7e;rue Domer;angle rue Chevreuil;Lyon 7 ème;41;Non;MJC du 7e, itinéraire cyclable;45.7466859287141000;4.8444823613422900;12;OPEN;9;3;1;Vert;t;1075;2015-07-01 16:09:15;2015-07-01 16:11:00
45.7700015741, 4.82926950532;"{""type"": ""Point"", ""coordinates"": [4.829269505320747, 45.77000157409098]}";1034;Carmélites / Burdeau;Montée des Carmélites;;Lyon 1 er;34;Non;;45.7700015740911000;4.8292695053207500;16;OPEN;15;1;1;Vert;t;807;2015-07-01 16:07:42;2015-07-01 16:11:00
45.7671533127, 4.90059916074;"{""type"": ""Point"", ""coordinates"": [4.900599160743398, 45.76715331272796]}";10118;Bourgchanin / Chambfort;92 rue Voyant;;VILLEURBANNE;118;Non;Commerces, centre social;45.7671533127280000;4.9005991607434000;22;OPEN;9;11;1;Vert;t;962;2015-07-01 16:03:50;2015-07-01 16:11:00